target	method	design	n_animals	residual_df	family_df	h2_true	level	n_boot	reps	fit_success	interval_success	covered	coverage	mcse_observed	mcse_nominal	mean_width
h2	h2_delta_t_family_df_probe	medium	240	237	45	0.2	0.9	0	500	487	487	468	0.96098563	0.0087741749	0.013594298	0.37264445
h2	h2_delta_t_family_df_probe	medium	240	237	45	0.2	0.95	0	500	487	487	474	0.97330595	0.0073041117	0.0098760283	0.44821927
h2	h2_delta_t_family_df_probe	medium	240	237	45	0.4	0.9	0	500	500	500	465	0.93	0.011410521	0.013416408	0.3798765
h2	h2_delta_t_family_df_probe	medium	240	237	45	0.4	0.95	0	500	500	500	490	0.98	0.0062609903	0.0097467943	0.44741802
h2	h2_delta_t_family_df_probe	medium	240	237	45	0.6	0.9	0	500	500	500	450	0.9	0.013416408	0.013416408	0.36804313
h2	h2_delta_t_family_df_probe	medium	240	237	45	0.6	0.95	0	500	500	500	474	0.948	0.0099293504	0.0097467943	0.43378731
h2	h2_delta_t_family_df_probe	medium	240	237	45	0.8	0.9	0	500	499	499	469	0.93987976	0.010641338	0.013429844	0.30344859
h2	h2_delta_t_family_df_probe	medium	240	237	45	0.8	0.95	0	500	499	499	485	0.97194389	0.0073923763	0.0097565558	0.36500987
h2	h2_delta_t_residual_df_probe	medium	240	237	45	0.2	0.9	0	500	487	487	468	0.96098563	0.0087741749	0.013594298	0.36618176
h2	h2_delta_t_residual_df_probe	medium	240	237	45	0.2	0.95	0	500	487	487	474	0.97330595	0.0073041117	0.0098760283	0.43843323
h2	h2_delta_t_residual_df_probe	medium	240	237	45	0.4	0.9	0	500	500	500	459	0.918	0.012269963	0.013416408	0.37402324
h2	h2_delta_t_residual_df_probe	medium	240	237	45	0.4	0.95	0	500	500	500	489	0.978	0.006559878	0.0097467943	0.43875666
h2	h2_delta_t_residual_df_probe	medium	240	237	45	0.6	0.9	0	500	500	500	445	0.89	0.013992855	0.013416408	0.36235392
h2	h2_delta_t_residual_df_probe	medium	240	237	45	0.6	0.95	0	500	500	500	468	0.936	0.010945684	0.0097467943	0.42534628
h2	h2_delta_t_residual_df_probe	medium	240	237	45	0.8	0.9	0	500	499	499	469	0.93987976	0.010641338	0.013429844	0.29827895
h2	h2_delta_t_residual_df_probe	medium	240	237	45	0.8	0.95	0	500	499	499	483	0.96793587	0.0078864715	0.0097565558	0.35691166
h2	h2_delta_z	medium	240	237	45	0.2	0.9	0	500	487	487	468	0.96098563	0.0087741749	0.013594298	0.36469627
h2	h2_delta_z	medium	240	237	45	0.2	0.95	0	500	487	487	474	0.97330595	0.0073041117	0.0098760283	0.43619168
h2	h2_delta_z	medium	240	237	45	0.4	0.9	0	500	500	500	458	0.916	0.01240516	0.013416408	0.37267593
h2	h2_delta_z	medium	240	237	45	0.4	0.95	0	500	500	500	488	0.976	0.0068445599	0.0097467943	0.43676959
h2	h2_delta_z	medium	240	237	45	0.6	0.9	0	500	500	500	445	0.89	0.013992855	0.013416408	0.36104455
h2	h2_delta_z	medium	240	237	45	0.6	0.95	0	500	500	500	467	0.934	0.011103513	0.0097467943	0.4234102
h2	h2_delta_z	medium	240	237	45	0.8	0.9	0	500	499	499	469	0.93987976	0.010641338	0.013429844	0.29709254
h2	h2_delta_z	medium	240	237	45	0.8	0.95	0	500	499	499	483	0.96793587	0.0078864715	0.0097565558	0.35506248
h2	h2_profile_chisq	medium	240	237	45	0.2	0.9	0	500	487	487	445	0.9137577	0.012720706	0.013594298	0.32171111
h2	h2_profile_chisq	medium	240	237	45	0.2	0.95	0	500	487	487	467	0.95893224	0.0089924907	0.0098760283	0.37938038
h2	h2_profile_chisq	medium	240	237	45	0.4	0.9	0	500	500	500	451	0.902	0.013296315	0.013416408	0.38149546
h2	h2_profile_chisq	medium	240	237	45	0.4	0.95	0	500	500	500	473	0.946	0.010107819	0.0097467943	0.44870405
h2	h2_profile_chisq	medium	240	237	45	0.6	0.9	0	500	500	500	443	0.886	0.014212952	0.013416408	0.36671479
h2	h2_profile_chisq	medium	240	237	45	0.6	0.95	0	500	500	500	469	0.938	0.010784804	0.0097467943	0.43017548
h2	h2_profile_chisq	medium	240	237	45	0.8	0.9	0	500	499	499	455	0.91182365	0.012693495	0.013429844	0.29180362
h2	h2_profile_chisq	medium	240	237	45	0.8	0.95	0	500	499	499	472	0.94589178	0.010127496	0.0097565558	0.34467818
sigma_a2	sigma_a2_delta_t_family_df_probe	medium	240	237	45	0.2	0.9	0	500	487	487	428	0.8788501	0.014786128	0.013594298	0.34089655
sigma_a2	sigma_a2_delta_t_family_df_probe	medium	240	237	45	0.2	0.95	0	500	487	487	451	0.92607803	0.011856215	0.0098760283	0.3935586
sigma_a2	sigma_a2_delta_t_family_df_probe	medium	240	237	45	0.4	0.9	0	500	500	500	440	0.88	0.014532722	0.013416408	0.48687652
sigma_a2	sigma_a2_delta_t_family_df_probe	medium	240	237	45	0.4	0.95	0	500	500	500	464	0.928	0.011559931	0.0097467943	0.58234575
sigma_a2	sigma_a2_delta_t_family_df_probe	medium	240	237	45	0.6	0.9	0	500	500	500	430	0.86	0.015517732	0.013416408	0.55364984
sigma_a2	sigma_a2_delta_t_family_df_probe	medium	240	237	45	0.6	0.95	0	500	500	500	451	0.902	0.013296315	0.0097467943	0.66392165
sigma_a2	sigma_a2_delta_t_family_df_probe	medium	240	237	45	0.8	0.9	0	500	499	499	444	0.88977956	0.014019161	0.013429844	0.55145281
sigma_a2	sigma_a2_delta_t_family_df_probe	medium	240	237	45	0.8	0.95	0	500	499	499	467	0.93587174	0.010966868	0.0097565558	0.66134614
sigma_a2	sigma_a2_delta_t_residual_df_probe	medium	240	237	45	0.2	0.9	0	500	487	487	426	0.87474333	0.014999482	0.013594298	0.33606032
sigma_a2	sigma_a2_delta_t_residual_df_probe	medium	240	237	45	0.2	0.95	0	500	487	487	446	0.91581109	0.01258247	0.0098760283	0.38709802
sigma_a2	sigma_a2_delta_t_residual_df_probe	medium	240	237	45	0.4	0.9	0	500	500	500	439	0.878	0.014636666	0.013416408	0.47878088
sigma_a2	sigma_a2_delta_t_residual_df_probe	medium	240	237	45	0.4	0.95	0	500	500	500	461	0.922	0.011992998	0.0097467943	0.56993595
sigma_a2	sigma_a2_delta_t_residual_df_probe	medium	240	237	45	0.6	0.9	0	500	500	500	427	0.854	0.01579139	0.013416408	0.54438331
sigma_a2	sigma_a2_delta_t_residual_df_probe	medium	240	237	45	0.6	0.95	0	500	500	500	448	0.896	0.013651667	0.0097467943	0.64940352
sigma_a2	sigma_a2_delta_t_residual_df_probe	medium	240	237	45	0.8	0.9	0	500	499	499	441	0.88376754	0.014347706	0.013429844	0.54221975
sigma_a2	sigma_a2_delta_t_residual_df_probe	medium	240	237	45	0.8	0.95	0	500	499	499	466	0.93386774	0.011124977	0.0097565558	0.64687247
sigma_a2	sigma_a2_delta_z	medium	240	237	45	0.2	0.9	0	500	487	487	425	0.87268994	0.01510417	0.013594298	0.33494212
sigma_a2	sigma_a2_delta_z	medium	240	237	45	0.2	0.95	0	500	487	487	445	0.9137577	0.012720706	0.0098760283	0.38561321
sigma_a2	sigma_a2_delta_z	medium	240	237	45	0.4	0.9	0	500	500	500	439	0.878	0.014636666	0.013416408	0.47692157
sigma_a2	sigma_a2_delta_z	medium	240	237	45	0.4	0.95	0	500	500	500	461	0.922	0.011992998	0.0097467943	0.5671025
sigma_a2	sigma_a2_delta_z	medium	240	237	45	0.6	0.9	0	500	500	500	427	0.854	0.01579139	0.013416408	0.54225615
sigma_a2	sigma_a2_delta_z	medium	240	237	45	0.6	0.95	0	500	500	500	448	0.896	0.013651667	0.0097467943	0.64609008
sigma_a2	sigma_a2_delta_z	medium	240	237	45	0.8	0.9	0	500	499	499	439	0.87975952	0.014559856	0.013429844	0.54010028
sigma_a2	sigma_a2_delta_z	medium	240	237	45	0.8	0.95	0	500	499	499	466	0.93386774	0.011124977	0.0097565558	0.64356918
sigma_a2	sigma_a2_profile_chisq	medium	240	237	45	0.2	0.9	0	500	487	487	443	0.90965092	0.012990766	0.013594298	0.36599497
sigma_a2	sigma_a2_profile_chisq	medium	240	237	45	0.2	0.95	0	500	487	487	469	0.96303901	0.0085492739	0.0098760283	0.44110835
sigma_a2	sigma_a2_profile_chisq	medium	240	237	45	0.4	0.9	0	500	500	500	448	0.896	0.013651667	0.013416408	0.49522664
sigma_a2	sigma_a2_profile_chisq	medium	240	237	45	0.4	0.95	0	500	500	500	474	0.948	0.0099293504	0.0097467943	0.59405518
sigma_a2	sigma_a2_profile_chisq	medium	240	237	45	0.6	0.9	0	500	500	500	438	0.876	0.014739335	0.013416408	0.55027401
sigma_a2	sigma_a2_profile_chisq	medium	240	237	45	0.6	0.95	0	500	500	500	463	0.926	0.01170675	0.0097467943	0.65508454
sigma_a2	sigma_a2_profile_chisq	medium	240	237	45	0.8	0.9	0	500	499	499	447	0.89579158	0.013677434	0.013429844	0.54750454
sigma_a2	sigma_a2_profile_chisq	medium	240	237	45	0.8	0.95	0	500	499	499	477	0.95591182	0.0091900889	0.0097565558	0.65059916
sigma_a2	sigma_a2_satterthwaite_chisq_probe	medium	240	237	45	0.2	0.9	0	500	487	425	390	0.91764706	0.01333469	0.014552138	0.67654357
sigma_a2	sigma_a2_satterthwaite_chisq_probe	medium	240	237	45	0.2	0.95	0	500	487	425	400	0.94117647	0.011413441	0.010571883	0.99519
sigma_a2	sigma_a2_satterthwaite_chisq_probe	medium	240	237	45	0.4	0.9	0	500	500	497	453	0.91146881	0.012742096	0.013456839	0.60236945
sigma_a2	sigma_a2_satterthwaite_chisq_probe	medium	240	237	45	0.4	0.95	0	500	500	497	467	0.93963783	0.010682785	0.009776167	0.77062297
sigma_a2	sigma_a2_satterthwaite_chisq_probe	medium	240	237	45	0.6	0.9	0	500	500	500	442	0.884	0.014320894	0.013416408	0.61371268
sigma_a2	sigma_a2_satterthwaite_chisq_probe	medium	240	237	45	0.6	0.95	0	500	500	500	465	0.93	0.011410521	0.0097467943	0.75813605
sigma_a2	sigma_a2_satterthwaite_chisq_probe	medium	240	237	45	0.8	0.9	0	500	499	499	449	0.8997996	0.013441798	0.013429844	0.5773799
sigma_a2	sigma_a2_satterthwaite_chisq_probe	medium	240	237	45	0.8	0.95	0	500	499	499	471	0.94388778	0.010302406	0.0097565558	0.70129326
h2	h2_delta_t_family_df_probe	small	120	117	21	0.2	0.9	0	500	461	461	441	0.95661605	0.0094881798	0.013972393	0.57796987
h2	h2_delta_t_family_df_probe	small	120	117	21	0.2	0.95	0	500	461	461	452	0.98047722	0.006443756	0.010150708	0.67238363
h2	h2_delta_t_family_df_probe	small	120	117	21	0.4	0.9	0	500	498	498	483	0.96987952	0.0076590549	0.013443321	0.52982137
h2	h2_delta_t_family_df_probe	small	120	117	21	0.4	0.95	0	500	498	498	494	0.99196787	0.003999903	0.0097663466	0.61724685
h2	h2_delta_t_family_df_probe	small	120	117	21	0.6	0.9	0	500	498	498	482	0.96787149	0.007902045	0.013443321	0.50865785
h2	h2_delta_t_family_df_probe	small	120	117	21	0.6	0.95	0	500	498	498	498	1	0	0.0097663466	0.59369546
h2	h2_delta_t_family_df_probe	small	120	117	21	0.8	0.9	0	500	483	483	445	0.92132505	0.012250424	0.013650473	0.46662948
h2	h2_delta_t_family_df_probe	small	120	117	21	0.8	0.95	0	500	483	483	465	0.96273292	0.0086187053	0.0099168385	0.55681816
h2	h2_delta_t_residual_df_probe	small	120	117	21	0.2	0.9	0	500	461	461	440	0.95444685	0.0097114616	0.013972393	0.55974694
h2	h2_delta_t_residual_df_probe	small	120	117	21	0.2	0.95	0	500	461	461	445	0.96529284	0.0085248866	0.010150708	0.6480001
h2	h2_delta_t_residual_df_probe	small	120	117	21	0.4	0.9	0	500	498	498	480	0.96385542	0.0083639775	0.013443321	0.51333306
h2	h2_delta_t_residual_df_probe	small	120	117	21	0.4	0.95	0	500	498	498	493	0.98995984	0.0044674988	0.0097663466	0.59429181
h2	h2_delta_t_residual_df_probe	small	120	117	21	0.6	0.9	0	500	498	498	468	0.93975904	0.010662021	0.013443321	0.49277836
h2	h2_delta_t_residual_df_probe	small	120	117	21	0.6	0.95	0	500	498	498	496	0.99598394	0.0028340782	0.0097663466	0.57120928
h2	h2_delta_t_residual_df_probe	small	120	117	21	0.8	0.9	0	500	483	483	442	0.91511387	0.012681843	0.013650473	0.45024326
h2	h2_delta_t_residual_df_probe	small	120	117	21	0.8	0.95	0	500	483	483	459	0.95031056	0.0098876086	0.0099168385	0.53258649
h2	h2_delta_z	small	120	117	21	0.2	0.9	0	500	461	461	439	0.95227766	0.009928696	0.013972393	0.55587374
h2	h2_delta_z	small	120	117	21	0.2	0.95	0	500	461	461	445	0.96529284	0.0085248866	0.010150708	0.64279949
h2	h2_delta_z	small	120	117	21	0.4	0.9	0	500	498	498	480	0.96385542	0.0083639775	0.013443321	0.50984114
h2	h2_delta_z	small	120	117	21	0.4	0.95	0	500	498	498	493	0.98995984	0.0044674988	0.0097663466	0.58943367
h2	h2_delta_z	small	120	117	21	0.6	0.9	0	500	498	498	467	0.937751	0.010826679	0.013443321	0.48942043
h2	h2_delta_z	small	120	117	21	0.6	0.95	0	500	498	498	495	0.9939759	0.0034675219	0.0097663466	0.56646616
h2	h2_delta_z	small	120	117	21	0.8	0.9	0	500	483	483	442	0.91511387	0.012681843	0.013650473	0.44679713
h2	h2_delta_z	small	120	117	21	0.8	0.95	0	500	483	483	457	0.94616977	0.010268904	0.0099168385	0.52750895
h2	h2_profile_chisq	small	120	117	21	0.2	0.9	0	500	461	461	443	0.96095445	0.0090216656	0.013972393	0.45765556
h2	h2_profile_chisq	small	120	117	21	0.2	0.95	0	500	461	461	454	0.98481562	0.0056954174	0.010150708	0.53343985
h2	h2_profile_chisq	small	120	117	21	0.4	0.9	0	500	498	498	456	0.91566265	0.012452686	0.013443321	0.51772832
h2	h2_profile_chisq	small	120	117	21	0.4	0.95	0	500	498	498	479	0.96184739	0.0085842141	0.0097663466	0.59963578
h2	h2_profile_chisq	small	120	117	21	0.6	0.9	0	500	498	498	451	0.90562249	0.01310066	0.013443321	0.49794468
h2	h2_profile_chisq	small	120	117	21	0.6	0.95	0	500	498	498	475	0.95381526	0.0094051713	0.0097663466	0.57650255
h2	h2_profile_chisq	small	120	117	21	0.8	0.9	0	500	483	483	438	0.9068323	0.01322582	0.013650473	0.40539841
h2	h2_profile_chisq	small	120	117	21	0.8	0.95	0	500	483	483	458	0.94824017	0.010080499	0.0099168385	0.47309204
sigma_a2	sigma_a2_delta_t_family_df_probe	small	120	117	21	0.2	0.9	0	500	461	461	428	0.92841649	0.012006805	0.013972393	0.48050421
sigma_a2	sigma_a2_delta_t_family_df_probe	small	120	117	21	0.2	0.95	0	500	461	461	450	0.97613883	0.0071080621	0.010150708	0.54679495
sigma_a2	sigma_a2_delta_t_family_df_probe	small	120	117	21	0.4	0.9	0	500	498	498	442	0.8875502	0.014156671	0.013443321	0.6874604
sigma_a2	sigma_a2_delta_t_family_df_probe	small	120	117	21	0.4	0.95	0	500	498	498	459	0.92168675	0.012039117	0.0097663466	0.80088165
sigma_a2	sigma_a2_delta_t_family_df_probe	small	120	117	21	0.6	0.9	0	500	498	498	426	0.85542169	0.015758941	0.013443321	0.79765498
sigma_a2	sigma_a2_delta_t_family_df_probe	small	120	117	21	0.6	0.95	0	500	498	498	453	0.90963855	0.012847285	0.0097663466	0.95476777
sigma_a2	sigma_a2_delta_t_family_df_probe	small	120	117	21	0.8	0.9	0	500	483	483	422	0.873706	0.015114732	0.013650473	0.77237177
sigma_a2	sigma_a2_delta_t_family_df_probe	small	120	117	21	0.8	0.95	0	500	483	483	445	0.92132505	0.012250424	0.0099168385	0.93145855
sigma_a2	sigma_a2_delta_t_residual_df_probe	small	120	117	21	0.2	0.9	0	500	461	461	422	0.9154013	0.012960959	0.013972393	0.46762521
sigma_a2	sigma_a2_delta_t_residual_df_probe	small	120	117	21	0.2	0.95	0	500	461	461	442	0.95878525	0.0092584129	0.010150708	0.52950144
sigma_a2	sigma_a2_delta_t_residual_df_probe	small	120	117	21	0.4	0.9	0	500	498	498	435	0.87349398	0.014896042	0.013443321	0.66552226
sigma_a2	sigma_a2_delta_t_residual_df_probe	small	120	117	21	0.4	0.95	0	500	498	498	456	0.91566265	0.012452686	0.0097663466	0.77166629
sigma_a2	sigma_a2_delta_t_residual_df_probe	small	120	117	21	0.6	0.9	0	500	498	498	419	0.84136546	0.01637105	0.013443321	0.76935186
sigma_a2	sigma_a2_delta_t_residual_df_probe	small	120	117	21	0.6	0.95	0	500	498	498	448	0.89959839	0.013467283	0.0097663466	0.9123124
sigma_a2	sigma_a2_delta_t_residual_df_probe	small	120	117	21	0.8	0.9	0	500	483	483	416	0.86128364	0.015727633	0.013650473	0.74430828
sigma_a2	sigma_a2_delta_t_residual_df_probe	small	120	117	21	0.8	0.95	0	500	483	483	441	0.91304348	0.01282104	0.0099168385	0.88795368
sigma_a2	sigma_a2_delta_z	small	120	117	21	0.2	0.9	0	500	461	461	421	0.9132321	0.013110512	0.013972393	0.46489158
sigma_a2	sigma_a2_delta_z	small	120	117	21	0.2	0.95	0	500	461	461	441	0.95661605	0.0094881798	0.010150708	0.52586559
sigma_a2	sigma_a2_delta_z	small	120	117	21	0.4	0.9	0	500	498	498	435	0.87349398	0.014896042	0.013443321	0.66087559
sigma_a2	sigma_a2_delta_z	small	120	117	21	0.4	0.95	0	500	498	498	456	0.91566265	0.012452686	0.0097663466	0.76541163
sigma_a2	sigma_a2_delta_z	small	120	117	21	0.6	0.9	0	500	498	498	418	0.83935743	0.016454668	0.013443321	0.76341191
sigma_a2	sigma_a2_delta_z	small	120	117	21	0.6	0.95	0	500	498	498	448	0.89959839	0.013467283	0.0097663466	0.90342944
sigma_a2	sigma_a2_delta_z	small	120	117	21	0.8	0.9	0	500	483	483	415	0.85921325	0.015825513	0.013650473	0.73843354
sigma_a2	sigma_a2_delta_z	small	120	117	21	0.8	0.95	0	500	483	483	439	0.90890269	0.013092962	0.0099168385	0.87892024
sigma_a2	sigma_a2_profile_chisq	small	120	117	21	0.2	0.9	0	500	461	461	441	0.95661605	0.0094881798	0.013972393	0.57343252
sigma_a2	sigma_a2_profile_chisq	small	120	117	21	0.2	0.95	0	500	461	461	454	0.98481562	0.0056954174	0.010150708	0.69918328
sigma_a2	sigma_a2_profile_chisq	small	120	117	21	0.4	0.9	0	500	498	498	450	0.90361446	0.01322461	0.013443321	0.72362629
sigma_a2	sigma_a2_profile_chisq	small	120	117	21	0.4	0.95	0	500	498	498	478	0.95983936	0.0087980197	0.0097663466	0.86975369
sigma_a2	sigma_a2_profile_chisq	small	120	117	21	0.6	0.9	0	500	498	498	447	0.89759036	0.013586101	0.013443321	0.78855823
sigma_a2	sigma_a2_profile_chisq	small	120	117	21	0.6	0.95	0	500	498	498	474	0.95180723	0.0095973377	0.0097663466	0.93794256
sigma_a2	sigma_a2_profile_chisq	small	120	117	21	0.8	0.9	0	500	483	483	428	0.88612836	0.014453816	0.013650473	0.75190862
sigma_a2	sigma_a2_profile_chisq	small	120	117	21	0.8	0.95	0	500	483	483	461	0.95445135	0.0094872666	0.0099168385	0.89209585
sigma_a2	sigma_a2_satterthwaite_chisq_probe	small	120	117	21	0.2	0.9	0	500	461	286	237	0.82867133	0.022280409	0.017739372	1.4129729
sigma_a2	sigma_a2_satterthwaite_chisq_probe	small	120	117	21	0.2	0.95	0	500	461	286	249	0.87062937	0.019845017	0.012887355	2.2259091
sigma_a2	sigma_a2_satterthwaite_chisq_probe	small	120	117	21	0.4	0.9	0	500	498	469	423	0.90191898	0.013733772	0.013852713	1.1708727
sigma_a2	sigma_a2_satterthwaite_chisq_probe	small	120	117	21	0.4	0.95	0	500	498	469	433	0.92324094	0.012292379	0.010063763	1.6642893
sigma_a2	sigma_a2_satterthwaite_chisq_probe	small	120	117	21	0.6	0.9	0	500	498	494	441	0.89271255	0.01392409	0.013497638	1.0180177
sigma_a2	sigma_a2_satterthwaite_chisq_probe	small	120	117	21	0.6	0.95	0	500	498	494	459	0.9291498	0.011543831	0.0098058068	1.3271044
sigma_a2	sigma_a2_satterthwaite_chisq_probe	small	120	117	21	0.8	0.9	0	500	483	483	446	0.92339545	0.012101734	0.013650473	0.86602161
sigma_a2	sigma_a2_satterthwaite_chisq_probe	small	120	117	21	0.8	0.95	0	500	483	483	459	0.95031056	0.0098876086	0.0099168385	1.0832944
h2	h2_delta_t_family_df_probe	tiny	36	33	9	0.2	0.9	0	500	352	352	341	0.96875	0.0092738387	0.015990054	0.86878043
h2	h2_delta_t_family_df_probe	tiny	36	33	9	0.2	0.95	0	500	352	352	351	0.99715909	0.0028368708	0.011616505	0.92515288
h2	h2_delta_t_family_df_probe	tiny	36	33	9	0.4	0.9	0	500	407	407	407	1	0	0.014870448	0.8437822
h2	h2_delta_t_family_df_probe	tiny	36	33	9	0.4	0.95	0	500	407	407	407	1	0	0.01080313	0.90856687
h2	h2_delta_t_family_df_probe	tiny	36	33	9	0.6	0.9	0	500	440	440	440	1	0	0.014301939	0.8171498
h2	h2_delta_t_family_df_probe	tiny	36	33	9	0.6	0.95	0	500	440	440	440	1	0	0.010390118	0.88971003
h2	h2_delta_t_family_df_probe	tiny	36	33	9	0.8	0.9	0	500	396	396	396	1	0	0.015075567	0.81281801
h2	h2_delta_t_family_df_probe	tiny	36	33	9	0.8	0.95	0	500	396	396	396	1	0	0.010952146	0.88957165
h2	h2_delta_t_residual_df_probe	tiny	36	33	9	0.2	0.9	0	500	352	352	333	0.94602273	0.012044393	0.015990054	0.84243703
h2	h2_delta_t_residual_df_probe	tiny	36	33	9	0.2	0.95	0	500	352	352	351	0.99715909	0.0028368708	0.011616505	0.89915972
h2	h2_delta_t_residual_df_probe	tiny	36	33	9	0.4	0.9	0	500	407	407	407	1	0	0.014870448	0.81438284
h2	h2_delta_t_residual_df_probe	tiny	36	33	9	0.4	0.95	0	500	407	407	407	1	0	0.01080313	0.87835206
h2	h2_delta_t_residual_df_probe	tiny	36	33	9	0.6	0.9	0	500	440	440	440	1	0	0.014301939	0.78494506
h2	h2_delta_t_residual_df_probe	tiny	36	33	9	0.6	0.95	0	500	440	440	440	1	0	0.010390118	0.85555754
h2	h2_delta_t_residual_df_probe	tiny	36	33	9	0.8	0.9	0	500	396	396	396	1	0	0.015075567	0.77863438
h2	h2_delta_t_residual_df_probe	tiny	36	33	9	0.8	0.95	0	500	396	396	396	1	0	0.010952146	0.85354553
h2	h2_delta_z	tiny	36	33	9	0.2	0.9	0	500	352	352	330	0.9375	0.012901919	0.015990054	0.832438
h2	h2_delta_z	tiny	36	33	9	0.2	0.95	0	500	352	352	347	0.98579545	0.0063071875	0.011616505	0.88882446
h2	h2_delta_z	tiny	36	33	9	0.4	0.9	0	500	407	407	407	1	0	0.014870448	0.80335293
h2	h2_delta_z	tiny	36	33	9	0.4	0.95	0	500	407	407	407	1	0	0.01080313	0.86650597
h2	h2_delta_z	tiny	36	33	9	0.6	0.9	0	500	440	440	440	1	0	0.014301939	0.77295905
h2	h2_delta_z	tiny	36	33	9	0.6	0.95	0	500	440	440	440	1	0	0.010390118	0.84232406
h2	h2_delta_z	tiny	36	33	9	0.8	0.9	0	500	396	396	396	1	0	0.015075567	0.76592299
h2	h2_delta_z	tiny	36	33	9	0.8	0.95	0	500	396	396	396	1	0	0.010952146	0.83952751
h2	h2_profile_chisq	tiny	36	33	9	0.2	0.9	0	500	352	352	334	0.94886364	0.011740741	0.015990054	0.75585052
h2	h2_profile_chisq	tiny	36	33	9	0.2	0.95	0	500	352	352	345	0.98011364	0.0074412273	0.011616505	0.83495541
h2	h2_profile_chisq	tiny	36	33	9	0.4	0.9	0	500	407	407	394	0.96805897	0.0087162198	0.014870448	0.77357606
h2	h2_profile_chisq	tiny	36	33	9	0.4	0.95	0	500	407	407	401	0.98525799	0.0059738759	0.01080313	0.85375794
h2	h2_profile_chisq	tiny	36	33	9	0.6	0.9	0	500	440	440	422	0.95909091	0.0094430755	0.014301939	0.74889619
h2	h2_profile_chisq	tiny	36	33	9	0.6	0.95	0	500	440	440	439	0.99772727	0.0022701432	0.010390118	0.83277409
h2	h2_profile_chisq	tiny	36	33	9	0.8	0.9	0	500	396	396	381	0.96212121	0.0095932406	0.015075567	0.70112849
h2	h2_profile_chisq	tiny	36	33	9	0.8	0.95	0	500	396	396	388	0.97979798	0.0070699782	0.010952146	0.78390317
sigma_a2	sigma_a2_delta_t_family_df_probe	tiny	36	33	9	0.2	0.9	0	500	352	352	350	0.99431818	0.0040062221	0.015990054	0.9719344
sigma_a2	sigma_a2_delta_t_family_df_probe	tiny	36	33	9	0.2	0.95	0	500	352	352	352	1	0	0.011616505	1.1248525
sigma_a2	sigma_a2_delta_t_family_df_probe	tiny	36	33	9	0.4	0.9	0	500	407	407	385	0.94594595	0.011208567	0.014870448	1.1472956
sigma_a2	sigma_a2_delta_t_family_df_probe	tiny	36	33	9	0.4	0.95	0	500	407	407	401	0.98525799	0.0059738759	0.01080313	1.320227
sigma_a2	sigma_a2_delta_t_family_df_probe	tiny	36	33	9	0.6	0.9	0	500	440	440	391	0.88863636	0.014997104	0.014301939	1.2378134
sigma_a2	sigma_a2_delta_t_family_df_probe	tiny	36	33	9	0.6	0.95	0	500	440	440	405	0.92045455	0.012899786	0.010390118	1.430279
sigma_a2	sigma_a2_delta_t_family_df_probe	tiny	36	33	9	0.8	0.9	0	500	396	396	349	0.88131313	0.016252451	0.015075567	1.3376568
sigma_a2	sigma_a2_delta_t_family_df_probe	tiny	36	33	9	0.8	0.95	0	500	396	396	366	0.92424242	0.013297145	0.010952146	1.564958
sigma_a2	sigma_a2_delta_t_residual_df_probe	tiny	36	33	9	0.2	0.9	0	500	352	352	350	0.99431818	0.0040062221	0.015990054	0.91991665
sigma_a2	sigma_a2_delta_t_residual_df_probe	tiny	36	33	9	0.2	0.95	0	500	352	352	352	1	0	0.011616505	1.044232
sigma_a2	sigma_a2_delta_t_residual_df_probe	tiny	36	33	9	0.4	0.9	0	500	407	407	383	0.94103194	0.011676519	0.014870448	1.0853345
sigma_a2	sigma_a2_delta_t_residual_df_probe	tiny	36	33	9	0.4	0.95	0	500	407	407	391	0.96068796	0.0096328934	0.01080313	1.2305003
sigma_a2	sigma_a2_delta_t_residual_df_probe	tiny	36	33	9	0.6	0.9	0	500	440	440	387	0.87954545	0.015517237	0.014301939	1.166904
sigma_a2	sigma_a2_delta_t_residual_df_probe	tiny	36	33	9	0.6	0.95	0	500	440	440	400	0.90909091	0.013705061	0.010390118	1.3324607
sigma_a2	sigma_a2_delta_t_residual_df_probe	tiny	36	33	9	0.8	0.9	0	500	396	396	339	0.85606061	0.017639834	0.015075567	1.2513999
sigma_a2	sigma_a2_delta_t_residual_df_probe	tiny	36	33	9	0.8	0.95	0	500	396	396	359	0.90656566	0.014625318	0.010952146	1.4525365
sigma_a2	sigma_a2_delta_z	tiny	36	33	9	0.2	0.9	0	500	352	352	350	0.99431818	0.0040062221	0.015990054	0.9020951
sigma_a2	sigma_a2_delta_z	tiny	36	33	9	0.2	0.95	0	500	352	352	352	1	0	0.011616505	1.0176741
sigma_a2	sigma_a2_delta_z	tiny	36	33	9	0.4	0.9	0	500	407	407	378	0.92874693	0.012751265	0.014870448	1.0635802
sigma_a2	sigma_a2_delta_z	tiny	36	33	9	0.4	0.95	0	500	407	407	388	0.95331695	0.010456854	0.01080313	1.2001695
sigma_a2	sigma_a2_delta_z	tiny	36	33	9	0.6	0.9	0	500	440	440	387	0.87954545	0.015517237	0.014301939	1.1420613
sigma_a2	sigma_a2_delta_z	tiny	36	33	9	0.6	0.95	0	500	440	440	399	0.90681818	0.013857962	0.010390118	1.2986164
sigma_a2	sigma_a2_delta_z	tiny	36	33	9	0.8	0.9	0	500	396	396	338	0.85353535	0.017767633	0.015075567	1.2212975
sigma_a2	sigma_a2_delta_z	tiny	36	33	9	0.8	0.95	0	500	396	396	355	0.89646465	0.015309582	0.010952146	1.4115317
sigma_a2	sigma_a2_profile_chisq	tiny	36	33	9	0.2	0.9	0	500	352	352	340	0.96590909	0.0096719955	0.015990054	1.2269942
sigma_a2	sigma_a2_profile_chisq	tiny	36	33	9	0.2	0.95	0	500	352	352	347	0.98579545	0.0063071875	0.011616505	1.5056657
sigma_a2	sigma_a2_profile_chisq	tiny	36	33	9	0.4	0.9	0	500	407	407	393	0.96560197	0.0090337627	0.014870448	1.3260205
sigma_a2	sigma_a2_profile_chisq	tiny	36	33	9	0.4	0.95	0	500	407	407	400	0.98280098	0.0064444729	0.01080313	1.6043603
sigma_a2	sigma_a2_profile_chisq	tiny	36	33	9	0.6	0.9	0	500	440	440	421	0.95681818	0.0096903359	0.014301939	1.3048462
sigma_a2	sigma_a2_profile_chisq	tiny	36	33	9	0.6	0.95	0	500	440	440	433	0.98409091	0.0059650481	0.010390118	1.5746121
sigma_a2	sigma_a2_profile_chisq	tiny	36	33	9	0.8	0.9	0	500	396	396	377	0.9520202	0.01074001	0.015075567	1.3202576
sigma_a2	sigma_a2_profile_chisq	tiny	36	33	9	0.8	0.95	0	500	396	396	389	0.98232323	0.006621876	0.010952146	1.5732439
sigma_a2	sigma_a2_satterthwaite_chisq_probe	tiny	36	33	9	0.2	0.9	0	500	352	137	61	0.44525547	0.042461063	0.02563073	3.9204133
sigma_a2	sigma_a2_satterthwaite_chisq_probe	tiny	36	33	9	0.2	0.95	0	500	352	137	80	0.58394161	0.042111583	0.018620293	6.6459744
sigma_a2	sigma_a2_satterthwaite_chisq_probe	tiny	36	33	9	0.4	0.9	0	500	407	240	183	0.7625	0.027469206	0.019364917	3.5171319
sigma_a2	sigma_a2_satterthwaite_chisq_probe	tiny	36	33	9	0.4	0.95	0	500	407	240	198	0.825	0.024526771	0.014068286	5.6479521
sigma_a2	sigma_a2_satterthwaite_chisq_probe	tiny	36	33	9	0.6	0.9	0	500	440	342	307	0.89766082	0.016389438	0.016222142	2.8128701
sigma_a2	sigma_a2_satterthwaite_chisq_probe	tiny	36	33	9	0.6	0.95	0	500	440	342	320	0.93567251	0.013266219	0.011785113	4.3188165
sigma_a2	sigma_a2_satterthwaite_chisq_probe	tiny	36	33	9	0.8	0.9	0	500	396	364	352	0.96703297	0.0093585783	0.015724273	2.3235682
sigma_a2	sigma_a2_satterthwaite_chisq_probe	tiny	36	33	9	0.8	0.95	0	500	396	364	361	0.99175824	0.0047387321	0.011423419	3.3669528
